{
  "manual_positions": {
    "cnc_mills": [
      710.6429306842529,
      -13.500013913237034
    ],
    "slm_printers": [
      374.47402651610014,
      -13.922065635063397
    ],
    "titanium_powder": [
      37.0,
      -14.0
    ],
    "warehouse": [
      1050.3137752952632,
      -14.123377526833574
    ]
  }
}