{
  "manual_positions": {
    "agv_fleet": [
      1299.4738473732148,
      -298.12189023078776
    ],
    "cmp_polishers": [
      1293.2482752331402,
      -423.98232504250007
    ],
    "etchers": [
      947.6509522971055,
      -298.0813218276809
    ],
    "finished_goods": [
      1882.3037127170514,
      -417.6871739157662
    ],
    "furnaces": [
      947.2702334479555,
      -420.27407340027503
    ],
    "ion_implanters": [
      943.6530860276616,
      -538.6854810889183
    ],
    "metrology_queue": [
      1885.53118712565,
      -539.1604407219686
    ],
    "nitrogen_gas": [
      393.794040315643,
      -542.1009374792346
    ],
    "photoresist": [
      53.36607284835537,
      -544.6162121021737
    ],
    "silicon_inventory": [
      409.3880301538659,
      -391.58311944832644
    ],
    "steppers": [
      1295.9957776177916,
      -541.9126818642198
    ],
    "ultra_pure_water": [
      58.476290340917444,
      -407.2684535699365
    ]
  }
}