{
  "manual_positions": {
    "billing": [
      1101.9994769158934,
      -365.35725061363746
    ],
    "blood_bank": [
      194.1560901529284,
      -753.0180376157718
    ],
    "consultation_rooms": [
      394.8325996177046,
      -370.9913948662232
    ],
    "laboratory": [
      392.95777635248635,
      -228.01902580053627
    ],
    "pharmacy": [
      626.2021455324426,
      -752.5873375355828
    ],
    "reception": [
      -714.2179500972082,
      -362.3346828156865
    ],
    "recovery_room": [
      743.8700814149084,
      -369.9414259304495
    ],
    "surgery_center": [
      394.9871123072348,
      -532.4194190128022
    ],
    "triage": [
      -351.17027072152166,
      -362.33521348036913
    ],
    "waiting_room": [
      17.298600204017156,
      -367.2843443904797
    ]
  }
}